rank,track,artist
1,Bad Day,Daniel Powter
2,Temperature,Sean Paul
3,Promiscuous,Nelly Furtado Featuring Timbaland
4,You're Beautiful,James Blunt
5,Hips Don't Lie,Shakira Featuring Wyclef Jean
6,Unwritten,Natasha Bedingfield
7,Crazy,Gnarls Barkley
8,Ridin',Chamillionaire Featuring Krayzie Bone
9,SexyBack,Justin Timberlake
10,Check On It,Beyonce Featuring Slim Thug
11,Be Without You,Mary J. Blige
12,Grillz,"Nelly Featuring Paul Wall, Ali & Gipp"
13,Over My Head (Cable Car),The Fray
14,Me & U,Cassie
15,Buttons,The Pussycat Dolls Featuring Snoop Dogg
16,Run It!,Chris Brown
17,So Sick,Ne-Yo
18,It's Goin' Down,Yung Joc
19,SOS,Rihanna
20,I Write Sins Not Tragedies,Panic! At The Disco
21,Move Along,The All-American Rejects
22,London Bridge,Fergie
23,Dani California,Red Hot Chili Peppers
24,Snap Yo Fingers,Lil Jon Featuring E-40 & Sean Paul Of The YoungBloodZ
25,"Lean Wit It, Rock Wit It",Dem Franchize Boyz Featuring Lil Peanut & Charlay
26,What Hurts The Most,Rascal Flatts
27,How To Save A Life,The Fray
28,Unfaithful,Rihanna
29,Chasing Cars,Snow Patrol
30,Lips Of An Angel,Hinder
31,Everytime We Touch,Cascada
32,Ain't No Other Man,Christina Aguilera
33,"Dance, Dance",Fall Out Boy
34,Gold Digger,Kanye West Featuring Jamie Foxx
35,Money Maker,Ludacris Featuring Pharrell
36,Ms. New Booty,Bubba Sparxxx Featuring Ying Yang Twins & Mr. ColliPark
37,(When You Gonna) Give It Up To Me,Sean Paul Featuring Keyshia Cole
38,Photograph,Nickelback
39,Because Of You,Kelly Clarkson
40,Stickwitu,The Pussycat Dolls
41,I'm N Luv (Wit A Stripper),T-Pain Featuring Mike Jones
42,My Humps,The Black Eyed Peas
43,Where'd You Go,Fort Minor Featuring Holly Brook
44,Yo (Excuse Me Miss),Chris Brown
45,Walk Away,Kelly Clarkson
46,Laffy Taffy,D4L
47,What You Know,T.I.
48,Dirty Little Secret,The All-American Rejects
49,Savin' Me,Nickelback
50,Don't Forget About Us,Mariah Carey
51,Sexy Love,Ne-Yo
52,U And Dat,E-40 Featuring T-Pain & Kandi Girl
53,Far Away,Nickelback
54,What's Left Of Me,Nick Lachey
55,So What,Field Mob Featuring Ciara
56,Do It To It,Cherish Featuring Sean Paul Of The YoungBloodZ
57,Black Horse & The Cherry Tree,KT Tunstall
58,There It Go! (The Whistle Song),Juelz Santana
59,Shoulder Lean,Young Dro Featuring T.I.
60,Unpredictable,Jamie Foxx Featuring Ludacris
61,My Love,Justin Timberlake Featuring T.I.
62,Shake That,Eminem Featuring Nate Dogg
63,Pullin' Me Back,Chingy Featuring Tyrese
64,Bossy,Kelis Featuring Too $hort
65,Chain Hang Low,Jibbs
66,Smack That,Akon Featuring Eminem
67,One Wish,Ray J
68,"Sugar, We're Goin' Down",Fall Out Boy
69,Gimme That,Chris Brown Featuring Lil Wayne
70,I Know You See It,Yung Joc Featuring Brandy 'Ms. B.' Hambrick
71,Who Says You Can't Go Home,Bon Jovi
72,Too Little Too Late,JoJo
73,Touch It,Busta Rhymes
74,Rompe,Daddy Yankee
75,Deja Vu,Beyonce Featuring Jay Z
76,Life Is A Highway,Rascal Flatts
77,Call Me When You're Sober,Evanescence
78,"Jesus, Take The Wheel",Carrie Underwood
79,Show Stopper,Danity Kane
80,Get Up,Ciara Featuring Chamillionaire
81,We Be Burnin',Sean Paul
82,Hate Me,Blue October
83,You And Me,Lifehouse
84,Beep,The Pussycat Dolls Featuring will.i.am
85,I Think They Like Me,"Dem Franchize Boyz Featuring Jermaine Dupri, Da Brat & Bow Wow"
86,Say Goodbye,Chris Brown
87,Waiting On The World To Change,John Mayer
88,Soul Survivor,Young Jeezy Featuring Akon
89,Pump It,The Black Eyed Peas
90,When I'm Gone,Eminem
91,Hung Up,Madonna
92,Stay Fly,Three 6 Mafia Featuring Young Buck & Eightball & MJG
93,Love,Keyshia Cole
94,When You're Mad,Ne-Yo
95,Why You Wanna,T.I.
96,Stupid Girls,P!nk
97,Feel Good Inc,Gorillaz
98,I'm Sprung,T-Pain
99,Do I Make You Proud,Taylor Hicks
100,For You I Will (Confidence),Teddy Geiger
1,Irreplaceable,Beyonce
2,Umbrella,Rihanna Featuring Jay-Z
3,The Sweet Escape,Gwen Stefani Featuring Akon
4,Big Girls Don't Cry,Fergie
5,Buy U A Drank (Shawty Snappin'),T-Pain Featuring Yung Joc
6,Before He Cheats,Carrie Underwood
7,Hey There Delilah,Plain White T's
8,I Wanna Love You,Akon Featuring Snoop Dogg
9,Say It Right,Nelly Furtado
10,Glamorous,Fergie Featuring Ludacris
11,Don't Matter,Akon
12,Girlfriend,Avril Lavigne
13,Makes Me Wonder,Maroon 5
14,Party Like A Rockstar,Shop Boyz
15,Smack That,Akon Featuring Eminem
16,This Is Why I'm Hot,Mims
17,It's Not Over,Daughtry
18,The Way I Are,Timbaland Featuring Keri Hilson
19,Fergalicious,Fergie
20,Crank That (Soulja Boy),Soulja Boy Tell'em
21,Give It To Me,Timbaland Featuring Nelly Furtado & Justin Timberlake
22,What Goes Around...Comes Around,Justin Timberlake
23,Cupid's Chokehold/Breakfast In America,Gym Class Heroes Featuring Patrick Stump
24,How To Save A Life,The Fray
25,Home,Daughtry
26,My Love,Justin Timberlake Featuring T.I.
27,Stronger,Kanye West
28,We Fly High,Jim Jones
29,U + Ur Hand,P!nk
30,Walk It Out,Unk
31,Beautiful Girls,Sean Kingston
32,"This Ain't A Scene, It's An Arms Race",Fall Out Boy
33,Bartender,T-Pain Featuring Akon
34,"Pop, Lock & Drop It",Huey
35,Runaway Love,Ludacris Featuring Mary J. Blige
36,Rockstar,Nickelback
37,Thnks Fr Th Mmrs,Fall Out Boy
38,What I've Done,Linkin Park
39,Summer Love,Justin Timberlake
40,You,Lloyd Featuring Lil Wayne
41,Wait For You,Elliott Yamin
42,Last Night,Diddy Featuring Keyshia Cole
43,Make It Rain,Fat Joe Featuring Lil Wayne
44,Make Me Better,Fabolous Featuring Ne-Yo
45,Ice Box,Omarion
46,Lips Of An Angel,Hinder
47,Waiting On The World To Change,John Mayer
48,Lost Without U,Robin Thicke
49,I'm A Flirt,R. Kelly Or Bow Wow (Featuring T.I. & T-Pain)
50,If Everyone Cared,Nickelback
51,Get It Shawty,Lloyd
52,Face Down,The Red Jumpsuit Apparatus
53,The Way I Live,Baby Boy Da Prince Featuring Lil Boosie
54,Shortie Like Mine,Bow Wow Featuring Chris Brown & Johnta Austin
55,It Ends Tonight,The All-American Rejects
56,A Bay Bay,Hurricane Chris
57,Because Of You,Ne-Yo
58,I Tried,Bone Thugs-N-Harmony Featuring Akon
59,Welcome To The Black Parade,My Chemical Romance
60,Shawty,Plies Featuring T-Pain
61,Chasing Cars,Snow Patrol
62,Beautiful Liar,Beyonce & Shakira
63,SexyBack,Justin Timberlake
64,Keep Holding On,Avril Lavigne
65,Let It Go,Keyshia Cole Featuring Missy Elliott & Lil Kim
66,Apologize,Timbaland Featuring OneRepublic
67,Bubbly,Colbie Caillat
68,Like A Boy,Ciara
69,Who Knew,P!nk
70,Never Again,Kelly Clarkson
71,Promise,Ciara
72,Bed,J. Holiday
73,Throw Some D's,Rich Boy Featuring Polow Da Don
74,Rehab,Amy Winehouse
75,Big Things Poppin' (Do It),T.I.
76,No One,Alicia Keys
77,The Great Escape,Boys Like Girls
78,2 Step,Unk
79,Walk Away (Remember Me),Paula DeAnda Featuring The DEY
80,Go Getta,Young Jeezy Featuring R. Kelly
81,Here (In Your Arms),Hellogoodbye
82,On The Hotline,Pretty Ricky
83,Wind It Up,Gwen Stefani
84,Cyclone,Baby Bash Featuring T-Pain
85,Break It Off,Rihanna & Sean Paul
86,First Time,Lifehouse
87,Ayo Technology,50 Cent Featuring Justin Timberlake & Timbaland
88,Outta My System,Bow Wow Featuring T-Pain & Johnta Austin
89,Teardrops On My Guitar,Taylor Swift
90,Shut Up And Drive,Rihanna
91,Snow ((Hey Oh)),Red Hot Chili Peppers
92,Money Maker,Ludacris Featuring Pharrell
93,Kiss Kiss,Chris Brown Featuring T-Pain
94,Far Away,Nickelback
95,Rock Yo Hips,Crime Mob Featuring Lil Scrappy
96,LoveStoned,Justin Timberlake
97,Better Than Me,Hinder
98,Paralyzer,Finger Eleven
99,That's That,Snoop Dogg Featuring R. Kelly
100,Same Girl,R. Kelly Duet With Usher
1,Low,Flo Rida Featuring T-Pain
2,Bleeding Love,Leona Lewis
3,No One,Alicia Keys
4,Lollipop,Lil Wayne Featuring Static Major
5,Apologize,Timbaland Featuring OneRepublic
6,No Air,Jordin Sparks Duet With Chris Brown
7,Love Song,Sara Bareilles
8,Love In This Club,Usher Featuring Young Jeezy
9,With You,Chris Brown
10,Forever,Chris Brown
11,Sexy Can I,Ray J & Yung Berg
12,Take A Bow,Rihanna
13,Viva La Vida,Coldplay
14,I Kissed A Girl,Katy Perry
15,Whatever You Like,T.I.
16,Disturbia,Rihanna
17,Don't Stop The Music,Rihanna
18,Pocketful Of Sunshine,Natasha Bedingfield
19,Kiss Kiss,Chris Brown Featuring T-Pain
20,Closer,Ne-Yo
21,Bubbly,Colbie Caillat
22,Touch My Body,Mariah Carey
23,4 Minutes,Madonna Featuring Justin Timberlake & Timbaland
24,So What,P!nk
25,Paralyzer,Finger Eleven
26,Clumsy,Fergie
27,I'm Yours,Jason Mraz
28,Leavin',Jesse McCartney
29,Dangerous,Kardinal Offishall Featuring Akon
30,Tattoo,Jordin Sparks
31,See You Again,Miley Cyrus
32,Shake It,Metro Station
33,Stop And Stare,OneRepublic
34,Take You There,Sean Kingston
35,Paper Planes,M.I.A.
36,Hot N Cold,Katy Perry
37,Live Your Life,T.I. Featuring Rihanna
38,Bust It Baby Part 2,Plies Featuring Ne-Yo
39,American Boy,Estelle Featuring Kanye West
40,Got Money,Lil Wayne Featuring T-Pain
41,Our Song,Taylor Swift
42,Damaged,Danity Kane
43,A Milli,Lil Wayne
44,Sorry,Buckcherry
45,Independent,Webbie Featuring Lil' Phat & Lil' Boosie
46,Can't Believe It,T-Pain Featuring Lil Wayne
47,Like You'll Never See Me Again,Alicia Keys
48,Teardrops On My Guitar,Taylor Swift
49,When I Grow Up,The Pussycat Dolls
50,Sensual Seduction,Snoop Dogg
51,What You Got,Colby O'Donis Featuring Akon
52,It's Not My Time,3 Doors Down
53,Better In Time,Leona Lewis
54,Crank That (Soulja Boy),Soulja Boy Tell'em
55,Shadow Of The Day,Linkin Park
56,Sweetest Girl (Dollar Bill),"Wyclef Jean Featuring Akon, Lil Wayne & Niia"
57,Miss Independent,Ne-Yo
58,Fall For You,Secondhand Serenade
59,In The Ayer,Flo Rida Featuring will.i.am
60,Say,John Mayer
61,One Step At A Time,Jordin Sparks
62,Hate That I Love You,Rihanna Featuring Ne-Yo
63,Superstar,Lupe Fiasco Featuring Matthew Santos
64,Suffocate,J. Holiday
65,Let It Rock,Kevin Rudolf Featuring Lil Wayne
66,Get Like Me,David Banner Featuring Chris Brown
67,Realize,Colbie Caillat
68,Put On,Young Jeezy Featuring Kanye West
69,The Time Of My Life,David Cook
70,Lolli Lolli (Pop That Body),"Three 6 Mafia Featuring Project Pat, Young D & Superpower"
71,Cyclone,Baby Bash Featuring T-Pain
72,Love Like This,Natasha Bedingfield Featuring Sean Kingston
73,Burnin' Up,Jonas Brothers
74,Love Lockdown,Kanye West
75,I Luv Your Girl,The-Dream
76,Crush,David Archuleta
77,Hypnotized,Plies Featuring Akon
78,Big Girls Don't Cry,Fergie
79,Good Life,Kanye West Featuring T-Pain
80,Womanizer,Britney Spears
81,Love Story,Taylor Swift
82,Just Fine,Mary J. Blige
83,Piece Of Me,Britney Spears
84,The Boss,Rick Ross Featuring T-Pain
85,All Summer Long,Kid Rock
86,Can't Help But Wait,Trey Songz
87,In Love With A Girl,Gavin DeGraw
88,My Life,The Game Featuring Lil Wayne
89,I Remember,Keyshia Cole
90,Flashing Lights,Kanye West Featuring Dwele
91,Mrs. Officer,Lil Wayne Featuring Bobby Valentino & Kidd Kidd
92,7 Things,Miley Cyrus
93,You're Gonna Miss This,Trace Adkins
94,Love Remains The Same,Gavin Rossdale
95,Feels Like Tonight,Daughtry
96,The Way I Are,Timbaland Featuring Keri Hilson
97,Addicted,Saving Abel
98,Into The Night,Santana Featuring Chad Kroeger
99,Heaven Sent,Keyshia Cole
100,She Got It,2 Pistols Featuring T-Pain & Tay Dizm
1,Boom Boom Pow,The Black Eyed Peas
2,Poker Face,Lady Gaga
3,Just Dance,Lady Gaga Featuring Colby O'Donis
4,I Gotta Feeling,The Black Eyed Peas
5,Love Story,Taylor Swift
6,Right Round,Flo Rida
7,I'm Yours,Jason Mraz
8,Single Ladies (Put A Ring On It),Beyonce
9,Heartless,Kanye West
10,Gives You Hell,The All-American Rejects
11,You Belong With Me,Taylor Swift
12,Dead And Gone,T.I. Featuring Justin Timberlake
13,You Found Me,The Fray
14,Use Somebody,Kings Of Leon
15,Knock You Down,Keri Hilson Featuring Kanye West & Ne-Yo
16,Blame It,Jamie Foxx Featuring T-Pain
17,I Know You Want Me (Calle Ocho),Pitbull
18,Live Your Life,T.I. Featuring Rihanna
19,Kiss Me Thru The Phone,Soulja Boy Tell 'em Featuring Sammie
20,Down,Jay Sean Featuring Lil Wayne
21,The Climb,Miley Cyrus
22,Best I Ever Had,Drake
23,My Life Would Suck Without You,Kelly Clarkson
24,Halo,Beyonce
25,Hot N Cold,Katy Perry
26,Second Chance,Shinedown
27,Circus,Britney Spears
28,Day 'N' Nite,Kid Cudi
29,Party In The U.S.A.,Miley Cyrus
30,Don't Trust Me,3OH!3
31,Run This Town,"Jay-Z, Rihanna & Kanye West"
32,Let It Rock,Kevin Rudolf Featuring Lil Wayne
33,Fire Burning,Sean Kingston
34,Whatcha Say,Jason Derulo
35,LoveGame,Lady Gaga
36,Waking Up In Vegas,Katy Perry
37,Birthday Sex,Jeremih
38,Sober,P!nk
39,Womanizer,Britney Spears
40,Whatever You Like,T.I.
41,Obsessed,Mariah Carey
42,Mad,Ne-Yo
43,Good Girls Go Bad,Cobra Starship Featuring Leighton Meester
44,Love Lockdown,Kanye West
45,So What,P!nk
46,Hotel Room Service,Pitbull
47,Crack A Bottle,"Eminem, Dr. Dre & 50 Cent"
48,If I Were A Boy,Beyonce
49,Turnin Me On,Keri Hilson Featuring Lil Wayne
50,I Hate This Part,The Pussycat Dolls
51,Gotta Be Somebody,Nickelback
52,Please Don't Leave Me,P!nk
53,Paparazzi,Lady Gaga
54,Beautiful,Akon Featuring Colby O'Donis & Kardinal Offishall
55,Viva La Vida,Coldplay
56,Right Now (Na Na Na),Akon
57,Battlefield,Jordin Sparks
58,Sugar,Flo Rida Featuring Wynter
59,Miss Independent,Ne-Yo
60,Fireflies,Owl City
61,New Divide,Linkin Park
62,Empire State Of Mind,Jay-Z + Alicia Keys
63,No Surprise,Daughtry
64,She Wolf,Shakira
65,Break Up,Mario Featuring Gucci Mane & Sean Garrett
66,Sweet Dreams,Beyonce
67,Every Girl,Young Money
68,Fallin' For You,Colbie Caillat
69,Untouched,The Veronicas
70,If Today Was Your Last Day,Nickelback
71,Throw It In The Bag,Fabolous Featuring The-Dream
72,Love Drunk,Boys Like Girls
73,I Love College,Asher Roth
74,If U Seek Amy,Britney Spears
75,Big Green Tractor,Jason Aldean
76,White Horse,Taylor Swift
77,Disturbia,Rihanna
78,21 Guns,Green Day
79,Turn My Swag On,Soulja Boy Tell'em
80,Rockin' That Thang,The-Dream
81,Chicken Fried,Zac Brown Band
82,Diva,Beyonce
83,Replay,Iyaz
84,Then,Brad Paisley
85,Her Diamonds,Rob Thomas
86,How Do You Sleep?,Jesse McCartney Featuring Ludacris
87,3,Britney Spears
88,Forever,"Drake Featuring Kanye West, Lil Wayne & Eminem"
89,One Time,Justin Bieber
90,I Run To You,Lady Antebellum
91,I Do Not Hook Up,Kelly Clarkson
92,Green Light,John Legend Featuring Andre 3000
93,People Are Crazy,Billy Currington
94,Whatever It Is,Zac Brown Band
95,Already Gone,Kelly Clarkson
96,Goodbye,Kristinia DeBarge
97,Say Hey (I Love You),Michael Franti & Spearhead Featuring Cherine Anderson
98,Pop Champagne,Jim Jones & Ron Browz Featuring Juelz Santana
99,Pretty Wings,Maxwell
100,Never Say Never,The Fray
1,TiK ToK,Ke$ha
2,Need You Now,Lady Antebellum
3,"Hey, Soul Sister",Train
4,California Gurls,Katy Perry Featuring Snoop Dogg
5,OMG,Usher Featuring will.i.am
6,Airplanes,B.o.B Featuring Hayley Williams
7,Love The Way You Lie,Eminem Featuring Rihanna
8,Bad Romance,Lady Gaga
9,Dynamite,Taio Cruz
10,Break Your Heart,Taio Cruz Featuring Ludacris
11,Nothin' On You,B.o.B Featuring Bruno Mars
12,I Like It,Enrique Iglesias Featuring Pitbull
13,BedRock,Young Money Featuring Lloyd
14,In My Head,Jason Derulo
15,Rude Boy,Rihanna
16,Telephone,Lady Gaga Featuring Beyonce
17,Teenage Dream,Katy Perry
18,Just The Way You Are,Bruno Mars
19,Cooler Than Me,Mike Posner
20,Imma Be,The Black Eyed Peas
21,Empire State Of Mind,Jay-Z + Alicia Keys
22,DJ Got Us Fallin' In Love,Usher Featuring Pitbull
23,Billionaire,Travie McCoy Featuring Bruno Mars
24,Not Afraid,Eminem
25,Replay,Iyaz
26,Sexy Chick,David Guetta Featuring Akon
27,Breakeven,The Script
28,Your Love Is My Drug,Ke$ha
29,I Gotta Feeling,The Black Eyed Peas
30,Fireflies,Owl City
31,Say Aah,Trey Songz Featuring Fabolous
32,Find Your Love,Drake
33,Alejandro,Lady Gaga
34,Ridin' Solo,Jason Derulo
35,Just A Dream,Nelly
36,How Low,Ludacris
37,Like A G6,Far*East Movement Featuring Cataracs & Dev
38,Carry Out,Timbaland Featuring Justin Timberlake
39,Haven't Met You Yet,Michael Buble
40,Club Can't Handle Me,Flo Rida Featuring David Guetta
41,Down,Jay Sean Featuring Lil Wayne
42,Bulletproof,La Roux
43,Whatcha Say,Jason Derulo
44,Baby,Justin Bieber Featuring Ludacris
45,Whataya Want From Me,Adam Lambert
46,Mine,Taylor Swift
47,Only Girl (In The World),Rihanna
48,Live Like We're Dying,Kris Allen
49,Hard,Rihanna Featuring Jeezy
50,Young Forever,Jay-Z + Mr. Hudson
51,Blah Blah Blah,Ke$ha Featuring 3OH!3
52,Bottoms Up,Trey Songz Featuring Nicki Minaj
53,Do You Remember,Jay Sean Featuring Sean Paul & Lil Jon
54,All The Right Moves,OneRepublic
55,According To You,Orianthi
56,My Chick Bad,Ludacris Featuring Nicki Minaj
57,You Belong With Me,Taylor Swift
58,Meet Me Halfway,The Black Eyed Peas
59,Take It Off,Ke$ha
60,Over,Drake
61,Animal,Neon Trees
62,Misery,Maroon 5
63,Magic,B.o.B Featuring Rivers Cuomo
64,Paparazzi,Lady Gaga
65,Tie Me Down,New Boyz Featuring Ray J
66,Your Love,Nicki Minaj
67,Party In The U.S.A.,Miley Cyrus
68,Deuces,Chris Brown Featuring Tyga & Kevin McCall
69,3,Britney Spears
70,Impossible,Shontelle
71,Forever,"Drake Featuring Kanye West, Lil Wayne & Eminem"
72,Two Is Better Than One,Boys Like Girls Featuring Taylor Swift
73,My First Kiss,3OH!3 Featuring Ke$ha
74,Already Gone,Kelly Clarkson
75,Rock That Body,The Black Eyed Peas
76,Secrets,OneRepublic
77,Naturally,Selena Gomez & The Scene
78,Un-Thinkable (I'm Ready),Alicia Keys
79,All I Do Is Win,"DJ Khaled Featuring T-Pain, Ludacris, Snoop Dogg & Rick Ross"
80,I Made It (Cash Money Heroes),"Kevin Rudolf Featuring Birdman, Jay Sean, & Lil Wayne"
81,Stuck Like Glue,Sugarland
82,Hey Daddy (Daddy's Home),Usher Featuring Plies
83,There Goes My Baby,Usher
84,Today Was A Fairytale,Taylor Swift
85,Say Something,Timbaland Featuring Drake
86,Sweet Dreams,Beyonce
87,Use Somebody,Kings Of Leon
88,Undo It,Carrie Underwood
89,Eenie Meenie,Sean Kingston & Justin Bieber
90,Right Above It,Lil Wayne Featuring Drake
91,The House That Built Me,Miranda Lambert
92,If I Die Young,The Band Perry
93,The Only Exception,Paramore
94,American Honey,Lady Antebellum
95,King Of Anything,Sara Bareilles
96,Life After You,Daughtry
97,Smile,Uncle Kracker
98,Teach Me How To Dougie,Cali Swag District
99,Try Sleeping With A Broken Heart,Alicia Keys
100,"Lover, Lover",Jerrod Niemann
1,Rolling In The Deep,Adele
2,Party Rock Anthem,LMFAO Featuring Lauren Bennett & GoonRock
3,Firework,Katy Perry
4,E.T.,Katy Perry Featuring Kanye West
5,Give Me Everything,"Pitbull Featuring Ne-Yo, Afrojack & Nayer"
6,Grenade,Bruno Mars
8,Super Bass,Nicki Minaj
9,Moves Like Jagger,Maroon 5 Featuring Christina Aguilera
10,Just Can't Get Enough,The Black Eyed Peas
11,On The Floor,Jennifer Lopez Featuring Pitbull
12,S&M,Rihanna
13,Pumped Up Kicks,Foster The People
14,Last Friday Night (T.G.I.F.),Katy Perry
15,Just The Way You Are,Bruno Mars
16,Tonight (I'm Lovin' You),Enrique Iglesias Featuring Ludacris & DJ Frank E
17,Raise Your Glass,P!nk
18,Born This Way,Lady Gaga
19,F**kin' Perfect,P!nk
20,What's My Name?,Rihanna Featuring Drake
21,Look At Me Now,Chris Brown Featuring Lil Wayne & Busta Rhymes
22,Down On Me,Jeremih Featuring 50 Cent
23,How To Love,Lil Wayne
24,Someone Like You,Adele
25,The Good Life,OneRepublic
26,The Lazy Song,Bruno Mars
27,Till The World Ends,Britney Spears
28,The Show Goes On,Lupe Fiasco
29,The Edge Of Glory,Lady Gaga
30,We R Who We R,Ke$ha
31,Black And Yellow,Wiz Khalifa
32,Tonight Tonight,Hot Chelle Rae
33,Blow,Ke$ha
34,Lighters,Bad Meets Evil Featuring Bruno Mars
35,If I Die Young,The Band Perry
36,Stereo Hearts,Gym Class Heroes Featuring Adam Levine
37,The Time (Dirty Bit),The Black Eyed Peas
38,Coming Home,Diddy - Dirty Money Featuring Skylar Grey
39,Hey Baby (Drop It To The Floor),Pitbull Featuring T-Pain
40,Only Girl (In The World),Rihanna
41,6 Foot 7 Foot,Lil Wayne Featuring Cory Gunz
42,Just A Kiss,Lady Antebellum
43,Dirt Road Anthem,Jason Aldean
44,Dynamite,Taio Cruz
45,No Hands,Waka Flocka Flame Featuring Roscoe Dash & Wale
46,I Wanna Go,Britney Spears
47,I'm On One,"DJ Khaled Featuring Drake, Rick Ross & Lil Wayne"
48,You Make Me Feel...,Cobra Starship Featuring Sabi
49,Yeah 3X,Chris Brown
50,Moment 4 Life,Nicki Minaj Featuring Drake
51,I Need A Doctor,Dr. Dre Featuring Eminem & Skylar Grey
52,Just A Dream,Nelly
53,Motivation,Kelly Rowland Featuring Lil Wayne
54,Stereo Love,Edward Maya & Vika Jigulina
55,Jar Of Hearts,Christina Perri
56,Roll Up,Wiz Khalifa
57,Sexy And I Know It,LMFAO
58,Rocketeer,Far*East Movement Featuring Ryan Tedder
59,All Of The Lights,Kanye West
60,Hold It Against Me,Britney Spears
61,More,Usher
62,What The Hell,Avril Lavigne
63,Written In The Stars,Tinie Tempah Featuring Eric Turner
64,Bottoms Up,Trey Songz Featuring Nicki Minaj
65,DJ Got Us Fallin' In Love,Usher Featuring Pitbull
66,For The First Time,The Script
67,Honey Bee,Blake Shelton
68,Don't You Wanna Stay,Jason Aldean With Kelly Clarkson
69,We Found Love,Rihanna Featuring Calvin Harris
70,Pretty Girl Rock,Keri Hilson
71,You And I,Lady Gaga
72,Like A G6,Far*East Movement Featuring Cataracs & Dev
73,Without You,David Guetta Featuring Usher
74,Back To December,Taylor Swift
75,Teenage Dream,Katy Perry
76,Crazy Girl,Eli Young Band
77,Cheers (Drink To That),Rihanna
78,Who Says,Selena Gomez & The Scene
79,Barefoot Blue Jean Night,Jake Owen
80,Knee Deep,Zac Brown Band Featuring Jimmy Buffett
81,Country Girl (Shake It For Me),Luke Bryan
82,Remind Me,Brad Paisley Duet With Carrie Underwood
83,In The Dark,Dev
84,Backseat,New Boyz Featuring The Cataracs & Dev
85,Headlines,Drake
86,Best Thing I Never Had,Beyonce
87,Don't Wanna Go Home,Jason Derulo
88,Where Them Girls At,David Guetta Featuring Flo Rida & Nicki Minaj
89,She Ain't You,Chris Brown
90,Take A Back Road,Rodney Atkins
91,Please Don't Go,Mike Posner
92,Sure Thing,Miguel
93,Price Tag,Jessie J Featuring B.o.B
94,God Gave Me You,Blake Shelton
95,She Will,Lil Wayne Featuring Drake
96,Are You Gonna Kiss Me Or Not,Thompson Square
97,Animal,Neon Trees
98,You And Tequila,Kenny Chesney Featuring Grace Potter
99,Colder Weather,Zac Brown Band
100,My Last,Big Sean Featuring Chris Brown
1,Somebody That I Used To Know,Gotye Featuring Kimbra
2,Call Me Maybe,Carly Rae Jepsen
3,We Are Young,fun. Featuring Janelle Monae
4,Payphone,Maroon 5 Featuring Wiz Khalifa
5,Lights,Ellie Goulding
6,Glad You Came,The Wanted
7,Stronger (What Doesn't Kill You),Kelly Clarkson
8,We Found Love,Rihanna Featuring Calvin Harris
9,Starships,Nicki Minaj
10,What Makes You Beautiful,One Direction
11,Wild Ones,Flo Rida Featuring Sia
12,Set Fire To The Rain,Adele
13,Sexy And I Know It,LMFAO
14,Some Nights,fun.
15,Wide Awake,Katy Perry
16,Good Feeling,Flo Rida
17,Whistle,Flo Rida
18,One More Night,Maroon 5
19,Drive By,Train
20,The Motto,Drake Featuring Lil Wayne
21,Where Have You Been,Rihanna
22,Everybody Talks,Neon Trees
23,Take Care,Drake Featuring Rihanna
24,Titanium,David Guetta Featuring Sia
25,I Won't Give Up,Jason Mraz
26,It Will Rain,Bruno Mars
27,Mercy,"Kanye West, Big Sean, Pusha T, 2 Chainz"
28,Boyfriend,Justin Bieber
29,Party Rock Anthem,LMFAO Featuring Lauren Bennett & GoonRock
30,Too Close,Alex Clare
31,Part Of Me,Katy Perry
32,"Young, Wild & Free",Snoop Dogg & Wiz Khalifa Featuring Bruno Mars
33,We Are Never Ever Getting Back Together,Taylor Swift
34,As Long As You Love Me,Justin Bieber Featuring Big Sean
35,Turn Me On,David Guetta Featuring Nicki Minaj
36,Moves Like Jagger,Maroon 5 Featuring Christina Aguilera
37,Blow Me (One Last Kiss),P!nk
38,Good Time,Owl City & Carly Rae Jepsen
39,Give Your Heart A Break,Demi Lovato
40,Ni**as in Paris,Jay Z Kanye West
41,The One That Got Away,Katy Perry
42,Feel So Close,Calvin Harris
43,Someone Like You,Adele
44,Scream,Usher
45,Rack City,Tyga
46,Domino,Jessie J
47,Gangnam Style,PSY
48,International Love,Pitbull Featuring Chris Brown
49,Home,Phillip Phillips
50,Without You,David Guetta Featuring Usher
51,Ass Back Home,Gym Class Heroes Featuring Neon Hitch
52,Wanted,Hunter Hayes
53,Drunk On You,Luke Bryan
54,No Lie,2 Chainz Featuring Drake
55,Want U Back,Cher Lloyd
56,Don't Wake Me Up,Chris Brown
57,Dance (A$$),Big Sean Featuring Nicki Minaj
58,Springsteen,Eric Church
59,Brokenhearted,Karmin
60,Not Over You,Gavin DeGraw
61,Stereo Hearts,Gym Class Heroes Featuring Adam Levine
62,Back In Time,Pitbull
63,Work Out,J. Cole
64,Rumour Has It,Adele
65,Let's Go,Calvin Harris Featuring Ne-Yo
66,Good Girl,Carrie Underwood
67,Pontoon,Little Big Town
68,Ho Hey,The Lumineers
69,Paradise,Coldplay
70,Blown Away,Carrie Underwood
71,Rolling In The Deep,Adele
72,Climax,Usher
73,"Work Hard, Play Hard",Wiz Khalifa
74,Let Me Love You (Until You Learn To Love Yourself),Ne-Yo
75,Pound The Alarm,Nicki Minaj
76,Come Over,Kenny Chesney
77,Heart Attack,Trey Songz
78,Drank In My Cup,Kirko Bangz
79,Birthday Cake,Rihanna Featuring Chris Brown
80,So Good,B.o.B
81,50 Ways To Say Goodbye,Train
82,Red Solo Cup,Toby Keith
83,Love You Like A Love Song,Selena Gomez & The Scene
84,Turn Up The Music,Chris Brown
85,Die Young,Ke$ha
86,5 O'Clock,T-Pain Featuring Wiz Khalifa & Lily Allen
87,A Thousand Years,Christina Perri
88,Take A Little Ride,Jason Aldean
89,You Da One,Rihanna
90,We Run The Night,Havana Brown Featuring Pitbull
91,It's Time,Imagine Dragons
92,Cashin' Out,Ca$h Out
93,I Don't Want This Night To End,Luke Bryan
94,Diamonds,Rihanna
95,Hard To Love,Lee Brice
96,Somethin' 'Bout A Truck,Kip Moore
97,Adorn,Miguel
98,Fly Over States,Jason Aldean
99,Even If It Breaks Your Heart,Eli Young Band
100,Burn It Down,Linkin Park
1,Thrift Shop,Macklemore & Ryan Lewis Featuring Wanz
2,Blurred Lines,Robin Thicke Featuring T.I. + Pharrell
3,Radioactive,Imagine Dragons
4,Harlem Shake,Baauer
5,Can't Hold Us,Macklemore & Ryan Lewis Featuring Ray Dalton
6,Mirrors,Justin Timberlake
7,Just Give Me A Reason,P!nk Featuring Nate Ruess
8,When I Was Your Man,Bruno Mars
9,Cruise,Florida Georgia Line Featuring Nelly
10,Roar,Katy Perry
11,Locked Out Of Heaven,Bruno Mars
12,Ho Hey,The Lumineers
13,Stay,Rihanna Featuring Mikky Ekko
14,Get Lucky,Daft Punk Featuring Pharrell Williams
15,Royals,Lorde
16,I Knew You Were Trouble.,Taylor Swift
17,We Can't Stop,Miley Cyrus
18,Wrecking Ball,Miley Cyrus
19,Wake Me Up!,Avicii
20,Suit & Tie,Justin Timberlake Featuring JAY Z
21,Cups (Pitch Perfect's When I'm Gone),Anna Kendrick
22,Holy Grail,Jay Z Featuring Justin Timberlake
23,Scream & Shout,will.i.am & Britney Spears
24,Clarity,Zedd Featuring Foxes
25,Sail,AWOLNATION
26,Don't You Worry Child,Swedish House Mafia Featuring John Martin
27,Diamonds,Rihanna
28,I Love It,Icona Pop Featuring Charli XCX
29,Safe And Sound,Capital Cities
30,Treasure,Bruno Mars
31,The Way,Ariana Grande Featuring Mac Miller
32,Started From The Bottom,Drake
33,Come & Get It,Selena Gomez
34,"Hold On, We're Going Home",Drake Featuring Majid Jordan
35,Daylight,Maroon 5
36,Feel This Moment,Pitbull Featuring Christina Aguilera
37,Applause,Lady Gaga
38,One More Night,Maroon 5
39,Love Me,Lil Wayne Featuring Drake & Future
40,My Songs Know What You Did In The Dark (Light Em Up),Fall Out Boy
41,F**kin Problems,"A$AP Rocky Featuring Drake, 2 Chainz & Kendrick Lamar"
42,Beauty And A Beat,Justin Bieber Featuring Nicki Minaj
43,Same Love,Macklemore & Ryan Lewis Featuring Mary Lambert
44,Sweet Nothing,Calvin Harris Featuring Florence Welch
45,Summertime Sadness,Lana Del Rey vs. Cedric Gervais
46,Home,Phillip Phillips
47,It's Time,Imagine Dragons
48,Power Trip,J. Cole Featuring Miguel
49,Girl On Fire,Alicia Keys Featuring Nicki Minaj
50,Heart Attack,Demi Lovato
51,Love Somebody,Maroon 5
52,I Will Wait,Mumford & Sons
53,Try,P!nk
54,Wagon Wheel,Darius Rucker
55,Gangnam Style,PSY
56,I Need Your Love,Calvin Harris Featuring Ellie Goulding
57,Die Young,Ke$ha
58,Some Nights,fun.
59,Bad,Wale Featuring Tiara Thomas Or Rihanna
60,Boys 'round Here,Blake Shelton Featuring Pistol Annies & Friends
61,"Gone, Gone, Gone",Phillip Phillips
62,Demons,Imagine Dragons
63,Counting Stars,OneRepublic
64,I Cry,Flo Rida
65,Little Talks,Of Monsters And Men
66,The Other Side,Jason Derulo
67,Berzerk,Eminem
68,Catch My Breath,Kelly Clarkson
69,Crash My Party,Luke Bryan
70,Pour It Up,Rihanna
71,22,Taylor Swift
72,I Want Crazy,Hunter Hayes
73,The Fox,Ylvis
74,Best Song Ever,One Direction
75,The A Team,Ed Sheeran
76,Carry On,fun.
77,Highway Don't Care,Tim McGraw With Taylor Swift
78,That's My Kind Of Night,Luke Bryan
79,Swimming Pools (Drank),Kendrick Lamar
80,Sure Be Cool If You Did,Blake Shelton
81,#Beautiful,Mariah Carey Featuring Miguel
82,Troublemaker,Olly Murs Featuring Flo Rida
83,Body Party,Ciara
84,Adorn,Miguel
85,Hall Of Fame,The Script Featuring will.i.am
86,Let Me Love You (Until You Learn To Love Yourself),Ne-Yo
87,U.O.E.N.O.,Rocko Featuring Future & Rick Ross
88,Next To Me,Emeli Sande
89,Mama's Broken Heart,Miranda Lambert
90,It Goes Like This,Thomas Rhett
91,Bugatti,Ace Hood Featuring Future & Rick Ross
92,Wanted,Hunter Hayes
93,Downtown,Lady Antebellum
94,Get Your Shine On,Florida Georgia Line
95,#thatPOWER,will.i.am Featuring Justin Bieber
96,Brave,Sara Bareilles
97,Let Her Go,Passenger
98,Runnin' Outta Moonlight,Randy Houser
99,I'm Different,2 Chainz
100,Still Into You,Paramore
1,Happy,Pharrell Williams
2,Dark Horse,Katy Perry Featuring Juicy J
3,All Of Me,John Legend
4,Fancy,Iggy Azalea Featuring Charli XCX
5,Counting Stars,OneRepublic
6,Talk Dirty,Jason Derulo Featuring 2 Chainz
7,Rude,MAGIC!
8,All About That Bass,Meghan Trainor
9,Problem,Ariana Grande Featuring Iggy Azalea
10,Stay With Me,Sam Smith
11,Timber,Pitbull Featuring Ke$ha
12,Pompeii,Bastille
13,Shake It Off,Taylor Swift
14,Am I Wrong,Nico & Vinz
15,Turn Down For What,DJ Snake & Lil Jon
16,The Monster,Eminem Featuring Rihanna
17,Say Something,A Great Big World & Christina Aguilera
18,Team,Lorde
19,Let Her Go,Passenger
20,Royals,Lorde
21,Let It Go,Idina Menzel
22,Wake Me Up!,Avicii
23,Demons,Imagine Dragons
24,Story Of My Life,One Direction
25,Chandelier,Sia
26,Black Widow,Iggy Azalea Featuring Rita Ora
27,Bang Bang,"Jessie J, Ariana Grande & Nicki Minaj"
28,Latch,Disclosure Featuring Sam Smith
29,Maps,Maroon 5
30,Loyal,Chris Brown Featuring Lil Wayne & French Montana Or Too $hort Or Tyga
31,Best Day Of My Life,American Authors
32,Habits (Stay High),Tove Lo
33,Summer,Calvin Harris
34,Boom Clap,Charli XCX
35,Drunk In Love,Beyonce Featuring Jay Z
36,Anaconda,Nicki Minaj
37,Break Free,Ariana Grande Featuring Zedd
38,Bailando,Enrique Iglesias Featuring Descemer Bueno & Gente de Zona
39,Burn,Ellie Goulding
40,Wiggle,Jason Derulo Featuring Snoop Dogg
41,Rather Be,Clean Bandit Featuring Jess Glynne
42,Don't Tell 'Em,Jeremih Featuring YG
43,Show Me,Kid Ink Featuring Chris Brown
44,Wrecking Ball,Miley Cyrus
45,Not A Bad Thing,Justin Timberlake
46,Roar,Katy Perry
47,Ain't It Fun,Paramore
48,The Man,Aloe Blacc
49,This Is How We Roll,Florida Georgia Line Featuring Luke Bryan
50,Classic,MKTO
51,A Sky Full Of Stars,Coldplay
52,Don't,Ed Sheeran
53,Na Na,Trey Songz
54,Hot Boy,Bobby Shmurda
55,"Hold On, We're Going Home",Drake Featuring Majid Jordan
56,Sing,Ed Sheeran
57,Radioactive,Imagine Dragons
58,My Hitta,YG Featuring Jeezy & Rich Homie Quan
59,Cool Kids,Echosmith
60,Hey Brother,Avicii
61,Trumpets,Jason Derulo
62,Animals,Maroon 5
63,Burnin' It Down,Jason Aldean
64,Play It Again,Luke Bryan
65,2 On,Tinashe Featuring ScHoolboy Q
66,Dirt,Florida Georgia Line
67,Love Runs Out,OneRepublic
68,Bottoms Up,Brantley Gilbert
69,Shower,Becky G
70,Me And My Broken Heart,Rixton
71,Animals,Martin Garrix
72,Lifestyle,Rich Gang Featuring Young Thug & Rich Homie Quan
73,American Kids,Kenny Chesney
74,Brave,Sara Bareilles
75,Sweater Weather,The Neighbourhood
76,Leave The Night On,Sam Hunt
77,New Flame,Chris Brown Featuring Usher & Rick Ross
78,Love Never Felt So Good,Michael Jackson & Justin Timberlake
79,Drunk On A Plane,Dierks Bentley
80,Birthday,Katy Perry
81,Bartender,Lady Antebellum
82,La La La,Naughty Boy Featuring Sam Smith
83,Blurred Lines,Robin Thicke Featuring T.I. + Pharrell
84,Do What U Want,Lady Gaga Featuring R. Kelly
85,Can't Remember To Forget You,Shakira Featuring Rihanna
86,Amnesia,5 Seconds Of Summer
87,No Mediocre,T.I. Featuring Iggy Azalea
88,Come With Me Now,KONGOS
89,Believe Me,Lil Wayne Featuring Drake
90,23,"Mike WiLL Made-It Featuring Miley Cyrus, Wiz Khalifa & Juicy J"
91,Beachin',Jake Owen
92,White Walls,Macklemore & Ryan Lewis Featuring ScHoolboy Q & Hollis
93,She Looks So Perfect,5 Seconds Of Summer
94,Stay The Night,Zedd Featuring Hayley Williams
95,Partition,Beyonce
96,Studio,ScHoolboy Q Featuring BJ The Chicago Kid
97,0 To 100 / The Catch Up,Drake
98,I Don't Dance,Lee Brice
99,Somethin' Bad,Miranda Lambert Duet With Carrie Underwood
100,Adore You,Miley Cyrus
1,Uptown Funk!,Mark Ronson Featuring Bruno Mars
2,Thinking Out Loud,Ed Sheeran
3,See You Again,Wiz Khalifa Featuring Charlie Puth
4,Trap Queen,Fetty Wap
5,Sugar,Maroon 5
6,Shut Up And Dance,WALK THE MOON
7,Blank Space,Taylor Swift
8,Watch Me,Silento
9,Earned It (Fifty Shades Of Grey),The Weeknd
10,The Hills,The Weeknd
11,Cheerleader,OMI
12,Can't Feel My Face,The Weeknd
13,Love Me Like You Do,Ellie Goulding
14,Take Me To Church,Hozier
15,Bad Blood,Taylor Swift Featuring Kendrick Lamar
16,Lean On,Major Lazer X DJ Snake Featuring MO
17,Want To Want Me,Jason Derulo
18,Shake It Off,Taylor Swift
19,Where Are U Now,Skrillex & Diplo With Justin Bieber
20,Fight Song,Rachel Platten
21,679,Fetty Wap Featuring Remy Boyz
22,Lips Are Movin,Meghan Trainor
23,Worth It,Fifth Harmony Featuring Kid Ink
24,Post To Be,Omarion Featuring Chris Brown & Jhene Aiko
25,"Honey, I'm Good.",Andy Grammer
26,I'm Not The Only One,Sam Smith
27,Good For You,Selena Gomez Featuring A$AP Rocky
28,All About That Bass,Meghan Trainor
29,Style,Taylor Swift
30,Hotline Bling,Drake
31,Hey Mama,"David Guetta Featuring Nicki Minaj, Bebe Rexha & Afrojack"
32,G.D.F.R.,Flo Rida Featuring Sage The Gemini & Lookas
33,What Do You Mean?,Justin Bieber
34,Photograph,Ed Sheeran
35,Hello,Adele
36,Stitches,Shawn Mendes
37,Talking Body,Tove Lo
38,Jealous,Nick Jonas
39,Time Of Our Lives,Pitbull & Ne-Yo
40,Locked Away,R. City Featuring Adam Levine
41,Somebody,Natalie La Rose Featuring Jeremih
42,FourFiveSeconds,Rihanna & Kanye West & Paul McCartney
43,Centuries,Fall Out Boy
44,My Way,Fetty Wap Featuring Monty
45,Take Your Time,Sam Hunt
46,Animals,Maroon 5
47,I Don't F**k With You,Big Sean Featuring E-40
48,B**** Better Have My Money,Rihanna
49,Flex (Ooh Ooh Ooh),Rich Homie Quan
50,Nasty Freestyle,T-Wayne
51,Only,"Nicki Minaj Featuring Drake, Lil Wayne & Chris Brown"
52,Elastic Heart,Sia
53,Cool For The Summer,Demi Lovato
54,Renegades,X Ambassadors
55,I Don't Mind,Usher Featuring Juicy J
56,Love Me Harder,Ariana Grande & The Weeknd
57,Wildest Dreams,Taylor Swift
58,Stay With Me,Sam Smith
59,You Know You Like It,DJ Snake & AlunaGeorge
60,Uma Thurman,Fall Out Boy
61,7/11,Beyonce
62,The Heart Wants What It Wants,Selena Gomez
63,Girl Crush,Little Big Town
64,Slow Motion,Trey Songz
65,Drag Me Down,One Direction
66,Truffle Butter,Nicki Minaj Featuring Drake & Lil Wayne
67,One Last Time,Ariana Grande
68,Chains,Nick Jonas
69,All Eyes On You,Meek Mill Featuring Chris Brown & Nicki Minaj
70,No Type,Rae Sremmurd
71,Riptide,Vance Joy
72,Classic Man,Jidenna Featuring Roman GianArthur
73,Ex's & Oh's,Elle King
74,Dear Future Husband,Meghan Trainor
75,Marvin Gaye,Charlie Puth Featuring Meghan Trainor
76,Like I'm Gonna Lose You,Meghan Trainor Featuring John Legend
77,Habits (Stay High),Tove Lo
78,The Hanging Tree,James Newton Howard Featuring Jennifer Lawrence
79,CoCo,O.T. Genasis
80,Bang Bang,"Jessie J, Ariana Grande & Nicki Minaj"
81,Lay Me Down,Sam Smith
82,Tuesday,I LOVE MAKONNEN Featuring Drake
83,Hit The Quan,iLoveMemphis
84,Downtown,"Macklemore & Ryan Lewis Featuring Eric Nally, Melle Mel, Kool Moe Dee & Grandmaster Caz"
85,House Party,Sam Hunt
86,Ayo,Chris Brown & Tyga
87,Kick The Dust Up,Luke Bryan
88,Blessings,Big Sean Featuring Drake
89,Budapest,George Ezra
90,Chandelier,Sia
91,Heartbeat Song,Kelly Clarkson
92,Don't,Ed Sheeran
93,Ghost,Ella Henderson
94,Here,Alessia Cara
95,Waves,Mr. Probz
96,El Perdon (Forgiveness),Nicky Jam & Enrique Iglesias
97,She Knows,Ne-Yo Featuring Juicy J
98,Night Changes,One Direction
99,Back To Back,Drake
100,How Deep Is Your Love,Calvin Harris & Disciples
1,Love Yourself,Justin Bieber
2,Sorry,Justin Bieber
3,One Dance,Drake Featuring WizKid & Kyla
4,Work,Rihanna Featuring Drake
5,Stressed Out,twenty one pilots
6,Panda,Desiigner
7,Hello,Adele
8,Don't Let Me Down,The Chainsmokers Featuring Daya
9,Can't Stop The Feeling!,Justin Timberlake
10,Closer,The Chainsmokers Featuring Halsey
11,Cheap Thrills,Sia Featuring Sean Paul
12,7 Years,Lukas Graham
13,Needed Me,Rihanna
14,My House,Flo Rida
15,I Took A Pill In Ibiza,Mike Posner
16,Work From Home,Fifth Harmony Featuring Ty Dolla $ign
17,This Is What You Came For,Calvin Harris Featuring Rihanna
18,Cake By The Ocean,DNCE
19,"Me, Myself & I",G-Eazy x Bebe Rexha
20,Ride,twenty one pilots
21,Heathens,twenty one pilots
22,Pillowtalk,Zayn
23,Stitches,Shawn Mendes
24,Hotline Bling,Drake
25,Cold Water,Major Lazer Featuring Justin Bieber & MO
26,Send My Love (To Your New Lover),Adele
27,Roses,The Chainsmokers Featuring Rozes
28,Treat You Better,Shawn Mendes
29,Too Good,Drake Featuring Rihanna
30,Low Life,Future Featuring The Weeknd
31,What Do You Mean?,Justin Bieber
32,The Hills,The Weeknd
33,Just Like Fire,P!nk
34,Broccoli,D.R.A.M. Featuring Lil Yachty
35,Don't,Bryson Tiller
36,Dangerous Woman,Ariana Grande
37,Jumpman,Drake & Future
38,I Hate U I Love U,gnash Featuring Olivia O'Brien
39,Here,Alessia Cara
40,Same Old Love,Selena Gomez
41,Controlla,Drake
42,Like I'm Gonna Lose You,Meghan Trainor Featuring John Legend
43,One Call Away,Charlie Puth
44,Let It Go,James Bay
45,No,Meghan Trainor
46,Never Forget You,Zara Larsson & MNEK
47,Let Me Love You,DJ Snake Featuring Justin Bieber
48,Don't Mind,Kent Jones
49,H.O.L.Y.,Florida Georgia Line
50,We Don't Talk Anymore,Charlie Puth Featuring Selena Gomez
51,Into You,Ariana Grande
52,Gold,Kiiara
53,Exchange,Bryson Tiller
54,679,Fetty Wap Featuring Remy Boyz
55,Oui,Jeremih
56,Hands To Myself,Selena Gomez
57,2 Phones,Kevin Gates
58,Starboy,The Weeknd Featuring Daft Punk
59,For Free,DJ Khaled Featuring Drake
60,Never Be Like You,Flume Featuring Kai
61,In The Night,The Weeknd
62,Me Too,Meghan Trainor
63,Ex's & Oh's,Elle King
64,Die A Happy Man,Thomas Rhett
65,White Iverson,Post Malone
66,Close,Nick Jonas Featuring Tove Lo
67,Unsteady,X Ambassadors
68,Sucker For Pain,"Lil Wayne, Wiz Khalifa & Imagine Dragons With Logic & Ty Dolla $ign Feat. X Ambassadors"
69,Down In The DM,Yo Gotti Featuring Nicki Minaj
70,Luv,Tory Lanez
71,Sorry,Beyonce
72,Can't Feel My Face,The Weeknd
73,Hymn For The Weekend,Coldplay
74,Say It,Tory Lanez
75,Antidote,Travis Scott
76,Lost Boy,Ruth B
77,Side To Side,Ariana Grande Featuring Nicki Minaj
78,"Sit Still, Look Pretty",Daya
79,Wildest Dreams,Taylor Swift
80,Middle,DJ Snake Featuring Bipolar Sunshine
81,On My Mind,Ellie Goulding
82,Pop Style,Drake Featuring The Throne
83,When We Were Young,Adele
84,Hide Away,Daya
85,Lean On,Major Lazer X DJ Snake Featuring MO
86,I Know What You Did Last Summer,Shawn Mendes & Camila Cabello
88,Watch Me,Silento
89,Back To Sleep,Chris Brown
90,No Limit,Usher Featuring Young Thug
91,Cut It,O.T. Genasis Featuring Young Dolph
92,Really Really,Kevin Gates
93,All In My Head (Flex),Fifth Harmony Featuring Fetty Wap
94,Starving,Hailee Steinfeld & Grey Featuring Zedd
95,Adventure Of A Lifetime,Coldplay
96,Humble And Kind,Tim McGraw
97,Wicked,Future
98,Tiimmy Turner,Desiigner
99,See You Again,Wiz Khalifa Featuring Charlie Puth
100,Perfect,One Direction
1,Shape Of You,Ed Sheeran
2,Despacito,Luis Fonsi & Daddy Yankee Featuring Justin Bieber
3,That's What I Like,Bruno Mars
4,Humble.,Kendrick Lamar
5,Something Just Like This,The Chainsmokers & Coldplay
6,Bad And Boujee,Migos Featuring Lil Uzi Vert
7,Closer,The Chainsmokers Featuring Halsey
8,Body Like A Back Road,Sam Hunt
9,Believer,Imagine Dragons
10,Congratulations,Post Malone Featuring Quavo
11,Say You Won't Let Go,James Arthur
12,I'm The One,"DJ Khaled Featuring Justin Bieber, Quavo, Chance The Rapper & Lil Wayne"
13,XO TOUR Llif3,Lil Uzi Vert
14,Mask Off,Future
15,Unforgettable,French Montana Featuring Swae Lee
16,24K Magic,Bruno Mars
17,Stay,Zedd & Alessia Cara
18,Wild Thoughts,DJ Khaled Featuring Rihanna & Bryson Tiller
19,Black Beatles,Rae Sremmurd Featuring Gucci Mane
20,Starboy,The Weeknd Featuring Daft Punk
21,Location,Khalid
22,Attention,Charlie Puth
23,There's Nothing Holdin' Me Back,Shawn Mendes
24,Bodak Yellow (Money Moves),Cardi B
25,Redbone,Childish Gambino
26,I Don't Wanna Live Forever (Fifty Shades Darker),Zayn / Taylor Swift
27,It Ain't Me,Kygo x Selena Gomez
28,iSpy,KYLE Featuring Lil Yachty
29,Issues,Julia Michaels
30,Scars To Your Beautiful,Alessia Cara
31,1-800-273-8255,Logic Featuring Alessia Cara & Khalid
32,Slow Hands,Niall Horan
33,Love On The Brain,Rihanna
34,I Feel It Coming,The Weeknd Featuring Daft Punk
35,Bounce Back,Big Sean
36,Strip That Down,Liam Payne Featuring Quavo
37,Fake Love,Drake
38,Don't Wanna Know,Maroon 5 Featuring Kendrick Lamar
39,Look What You Made Me Do,Taylor Swift
40,Castle On The Hill,Ed Sheeran
41,Bad Things,Machine Gun Kelly x Camila Cabello
42,Paris,The Chainsmokers
43,Side To Side,Ariana Grande Featuring Nicki Minaj
44,Rockabye,Clean Bandit Featuring Sean Paul & Anne-Marie
45,Feel It Still,Portugal. The Man
46,Let Me Love You,DJ Snake Featuring Justin Bieber
47,Sorry Not Sorry,Demi Lovato
48,Bank Account,21 Savage
49,Can't Stop The Feeling!,Justin Timberlake
50,Mi Gente,J Balvin & Willy William Featuring Beyonce
51,Thunder,Imagine Dragons
52,T-Shirt,Migos
53,Rake It Up,Yo Gotti Featuring Nicki Minaj
54,Mercy,Shawn Mendes
55,Tunnel Vision,Kodak Black
56,Rockstar,Post Malone Featuring 21 Savage
57,In Case You Didn't Know,Brett Young
58,Heathens,twenty one pilots
59,Now Or Never,Halsey
60,Caroline,Amine
61,Rolex,Ayo & Teo
62,DNA.,Kendrick Lamar
63,Juju On That Beat (TZ Anthem),Zay Hilfigerrr & Zayion McCall
64,Swang,Rae Sremmurd
65,Passionfruit,Drake
66,Loyalty.,Kendrick Lamar Featuring Rihanna
67,Praying,Kesha
68,Goosebumps,Travis Scott
69,Cold,Maroon 5 Featuring Future
70,Broccoli,D.R.A.M. Featuring Lil Yachty
71,Slide,Calvin Harris Featuring Frank Ocean & Migos
72,What Ifs,Kane Brown Featuring Lauren Alaina
73,Chained To The Rhythm,Katy Perry Featuring Skip Marley
74,Feels,"Calvin Harris Featuring Pharrell Williams, Katy Perry & Big Sean"
75,All Time Low,Jon Bellion
76,Hurricane,Luke Combs
77,Too Good At Goodbyes,Sam Smith
78,Young Dumb & Broke,Khalid
79,Magnolia,Playboi Carti
80,Love Galore,SZA Featuring Travis Scott
81,Drowning,A Boogie Wit da Hoodie Featuring Kodak Black
82,Starving,Hailee Steinfeld & Grey Featuring Zedd
83,Both,Gucci Mane Featuring Drake
84,What About Us,P!nk
85,Swalla,Jason Derulo Featuring Nicki Minaj & Ty Dolla $ign
86,Slippery,Migos Featuring Gucci Mane
87,Sign Of The Times,Harry Styles
88,Water Under The Bridge,Adele
89,Malibu,Miley Cyrus
90,Down,Marian Hill
91,No Promises,Cheat Codes Featuring Demi Lovato
92,Treat You Better,Shawn Mendes
93,I Get The Bag,Gucci Mane Featuring Migos
94,Small Town Boy,Dustin Lynch
95,Everyday We Lit,YFN Lucci Featuring PnB Rock
96,Havana,Camila Cabello Featuring Young Thug
97,What Lovers Do,Maroon 5 Featuring SZA
98,Do Re Mi,blackbear
99,Look At Me!,XXXTENTACION
100,The Fighter,Keith Urban Featuring Carrie Underwood
1,God's Plan,Drake
2,Perfect,Ed Sheeran
3,Meant To Be,Bebe Rexha & Florida Georgia Line
4,Havana,Camila Cabello Featuring Young Thug
5,Rockstar,Post Malone Featuring 21 Savage
6,Psycho,Post Malone Featuring Ty Dolla $ign
7,I Like It,"Cardi B, Bad Bunny & J Balvin"
8,The Middle,"Zedd, Maren Morris & Grey"
9,In My Feelings,Drake
10,Girls Like You,Maroon 5 Featuring Cardi B
11,Nice For What,Drake
12,Lucid Dreams,Juice WRLD
13,Better Now,Post Malone
14,Finesse,Bruno Mars & Cardi B
15,Boo'd Up,Ella Mai
16,New Rules,Dua Lipa
17,Sad!,XXXTENTACION
18,Never Be The Same,Camila Cabello
19,Love Lies,Khalid & Normani
20,No Tears Left To Cry,Ariana Grande
21,Mine,Bazzi
22,Thunder,Imagine Dragons
23,Look Alive,BlocBoy JB Featuring Drake
24,Delicate,Taylor Swift
25,Yes Indeed,Lil Baby & Drake
26,Friends,Marshmello & Anne-Marie
27,Bad At Love,Halsey
28,Taste,Tyga Featuring Offset
29,Let You Down,NF
30,No Limit,G-Eazy Featuring A$AP Rocky & Cardi B
31,FEFE,6ix9ine Featuring Nicki Minaj & Murda Beatz
32,Tequila,Dan + Shay
33,Feel It Still,Portugal. The Man
34,MotorSport,"Migos, Nicki Minaj & Cardi B"
35,I Like Me Better,Lauv
36,Youngblood,5 Seconds Of Summer
37,Whatever It Takes,Imagine Dragons
38,Ric Flair Drip,Offset & Metro Boomin
39,I Fall Apart,Post Malone
40,Pray For Me,The Weeknd & Kendrick Lamar
41,Back To You,Selena Gomez
42,Sicko Mode,Travis Scott
43,Walk It Talk It,Migos Featuring Drake
44,Gucci Gang,Lil Pump
45,Him & I,G-Eazy & Halsey
46,In My Blood,Shawn Mendes
47,All The Stars,Kendrick Lamar & SZA
48,Stir Fry,Migos
49,Too Good At Goodbyes,Sam Smith
50,Love.,Kendrick Lamar Featuring Zacari
51,This Is America,Childish Gambino
52,Nonstop,Drake
53,Heaven,Kane Brown
54,Bodak Yellow (Money Moves),Cardi B
55,Freaky Friday,Lil Dicky Featuring Chris Brown
56,Gummo,6ix9ine
57,Plug Walk,Rich The Kid
58,Wait,Maroon 5
59,Be Careful,Cardi B
60,Wolves,Selena Gomez X Marshmello
61,Bartier Cardi,Cardi B Featuring 21 Savage
62,God Is A Woman,Ariana Grande
63,Big Bank,"YG Featuring 2 Chainz, Big Sean & Nicki Minaj"
64,Sorry Not Sorry,Demi Lovato
65,How Long,Charlie Puth
66,Lights Down Low,MAX Featuring gnash
67,Young Dumb & Broke,Khalid
68,One Kiss,Calvin Harris & Dua Lipa
69,Natural,Imagine Dragons
70,You Make It Easy,Jason Aldean
71,Shape Of You,Ed Sheeran
72,I Get The Bag,Gucci Mane Featuring Migos
73,No Brainer,"DJ Khaled Featuring Justin Bieber, Chance The Rapper & Quavo"
74,Plain Jane,A$AP Ferg Featuring Nicki Minaj
75,Sky Walker,Miguel Featuring Travis Scott
76,Marry Me,Thomas Rhett
77,Eastside,"benny blanco, Halsey & Khalid"
78,Call Out My Name,The Weeknd
79,King's Dead,"Jay Rock, Kendrick Lamar, Future & James Blake"
80,Happier,Marshmello & Bastille
81,Te Bote,"Casper Magico, Nio Garcia, Darell, Nicky Jam, Ozuna & Bad Bunny"
82,Simple,Florida Georgia Line
83,Lemon,N*E*R*D & Rihanna
84,1-800-273-8255,Logic Featuring Alessia Cara & Khalid
85,Say Something,Justin Timberlake Featuring Chris Stapleton
86,I'm Upset,Drake
87,Get Along,Kenny Chesney
88,Moonlight,XXXTENTACION
89,What Lovers Do,Maroon 5 Featuring SZA
90,X,Nicky Jam x J Balvin
91,Outside Today,YoungBoy Never Broke Again
92,Trip,Ella Mai
93,Dura,Daddy Yankee
94,Changes,XXXTENTACION
95,Mercy,Brett Young
96,One Number Away,Luke Combs
97,Powerglide,Rae Sremmurd & Juicy J
98,IDGAF,Dua Lipa
99,Mi Gente,J Balvin & Willy William Featuring Beyonce
100,Believer,Imagine Dragons
1,Old Town Road,Lil Nas X Featuring Billy Ray Cyrus
2,Sunflower (Spider-Man: Into The Spider-Verse),Post Malone & Swae Lee
3,Without Me,Halsey
4,Bad Guy,Billie Eilish
5,Wow.,Post Malone
6,Happier,Marshmello & Bastille
7,7 Rings,Ariana Grande
8,Talk,Khalid
9,Sicko Mode,Travis Scott
10,Sucker,Jonas Brothers
11,High Hopes,Panic! At The Disco
12,"Thank U, Next",Ariana Grande
13,Truth Hurts,Lizzo
14,Dancing With A Stranger,Sam Smith & Normani
15,Senorita,Shawn Mendes & Camila Cabello
16,I Don't Care,Ed Sheeran & Justin Bieber
17,Eastside,"benny blanco, Halsey & Khalid"
18,Going Bad,Meek Mill Featuring Drake
19,Shallow,Lady Gaga & Bradley Cooper
20,Better,Khalid
21,No Guidance,Chris Brown Featuring Drake
22,Girls Like You,Maroon 5 Featuring Cardi B
23,Sweet But Psycho,Ava Max
24,Suge,DaBaby
25,Middle Child,J. Cole
26,Drip Too Hard,Lil Baby & Gunna
27,Someone You Loved,Lewis Capaldi
28,Ran$om,Lil Tecca
29,If I Can't Have You,Shawn Mendes
30,Goodbyes,Post Malone Featuring Young Thug
31,ZEZE,Kodak Black Featuring Travis Scott & Offset
32,Better Now,Post Malone
33,Youngblood,5 Seconds Of Summer
34,Money In The Grave,Drake Featuring Rick Ross
35,Speechless,Dan + Shay
36,"Break Up With Your Girlfriend, I'm Bored",Ariana Grande
37,Please Me,Cardi B & Bruno Mars
38,Money,Cardi B
39,You Need To Calm Down,Taylor Swift
40,Panini,Lil Nas X
41,Look Back At It,A Boogie Wit da Hoodie
42,A Lot,21 Savage
43,ME!,Taylor Swift Featuring Brendon Urie
44,MIA,Bad Bunny Featuring Drake
45,Pop Out,Polo G Featuring Lil Tjay
46,Beautiful Crazy,Luke Combs
47,Thotiana,Blueface
48,Lucid Dreams,Juice WRLD
49,Mo Bamba,Sheck Wes
50,Beautiful People,Ed Sheeran Featuring Khalid
51,Wake Up In The Sky,Gucci Mane X Bruno Mars X Kodak Black
52,Whiskey Glasses,Morgan Wallen
53,God's Country,Blake Shelton
54,Be Alright,Dean Lewis
55,Pure Water,Mustard & Migos
56,The Git Up,Blanco Brown
57,Taki Taki,"DJ Snake Featuring Selena Gomez, Ozuna & Cardi B"
58,Close To Me,Ellie Goulding X Diplo Featuring Swae Lee
59,Envy Me,Calboy
60,You Say,Lauren Daigle
61,"Hey Look Ma, I Made It",Panic! At The Disco
62,Circles,Post Malone
63,Beer Never Broke My Heart,Luke Combs
64,The London,"Young Thug, J. Cole & Travis Scott"
65,Con Calma,Daddy Yankee & Katy Perry Featuring Snow
66,Murder On My Mind,YNW Melly
67,When The Party's Over,Billie Eilish
68,Act Up,City Girls
69,I Like It,"Cardi B, Bad Bunny & J Balvin"
70,Trampoline,SHAED
71,Leave Me Alone,Flipp Dinero
72,Breathin,Ariana Grande
73,Bury A Friend,Billie Eilish
74,Close Friends,Lil Baby
75,Baby Shark,Pinkfong
76,My Type,Saweetie
77,Worth It,YK Osiris
78,Only Human,Jonas Brothers
79,Knockin' Boots,Luke Bryan
80,Trip,Ella Mai
81,Rumor,Lee Brice
82,Swervin,A Boogie Wit da Hoodie Featuring 6ix9ine
83,How Do You Sleep?,Sam Smith
84,Baby,Lil Baby & DaBaby
85,Look What God Gave Her,Thomas Rhett
86,Good As You,Kane Brown
87,Clout,Offset Featuring Cardi B
88,Love Lies,Khalid & Normani
89,One Thing Right,Marshmello & Kane Brown
90,Cash Shit,Megan Thee Stallion Featuring DaBaby
91,Tequila,Dan + Shay
92,Shotta Flow,NLE Choppa
93,Hot Girl Summer,"Megan Thee Stallion, Nicki Minaj & Ty Dolla $ign"
94,Talk You Out Of It,Florida Georgia Line
95,Beautiful,Bazzi Featuring Camila Cabello
96,Eyes On You,Chase Rice
97,All To Myself,Dan + Shay
98,Boyfriend,Ariana Grande & Social House
99,Walk Me Home,P!nk
100,Robbery,Juice WRLD
1,Blinding Lights,The Weeknd
2,Circles,Post Malone
3,The Box,Roddy Ricch
4,Don't Start Now,Dua Lipa
5,Rockstar,DaBaby Featuring Roddy Ricch
6,Adore You,Harry Styles
7,Life Is Good,Future Featuring Drake
8,Memories,Maroon 5
9,The Bones,Maren Morris
10,Someone You Loved,Lewis Capaldi
11,Say So,Doja Cat
12,I Hope,Gabby Barrett Featuring Charlie Puth
13,Whats Poppin,"Jack Harlow Featuring DaBaby, Tory Lanez & Lil Wayne"
14,Dance Monkey,Tones And I
15,Savage,Megan Thee Stallion
16,Roxanne,Arizona Zervas
17,Intentions,Justin Bieber Featuring Quavo
18,Everything I Wanted,Billie Eilish
19,Roses,SAINt JHN
20,Watermelon Sugar,Harry Styles
21,Before You Go,Lewis Capaldi
22,Falling,Trevor Daniel
23,"10,000 Hours",Dan + Shay & Justin Bieber
24,WAP,Cardi B Featuring Megan Thee Stallion
25,Ballin',Mustard & Roddy Ricch
26,Hot Girl Bummer,blackbear
27,Blueberry Faygo,Lil Mosey
28,Heartless,The Weeknd
29,BOP,DaBaby
30,Lose You To Love Me,Selena Gomez
31,Good As Hell,Lizzo
32,Toosie Slide,Drake
33,Break My Heart,Dua Lipa
34,Chasin' You,Morgan Wallen
35,Savage Love (Laxed - Siren Beat),Jawsh 685 x Jason Derulo
36,No Guidance,Chris Brown Featuring Drake
37,My Oh My,Camila Cabello Featuring DaBaby
38,Dynamite,BTS
39,Go Crazy,Chris Brown & Young Thug
40,High Fashion,Roddy Ricch Featuring Mustard
41,Laugh Now Cry Later,Drake Featuring Lil Durk
42,Woah,Lil Baby
43,Death Bed,Powfu Featuring beabadoobee
44,Senorita,Shawn Mendes & Camila Cabello
45,HIGHEST IN THE ROOM,Travis Scott
46,Bad Guy,Billie Eilish
47,Mood,24kGoldn Featuring iann dior
48,Rain On Me,Lady Gaga & Ariana Grande
49,For The Night,Pop Smoke Featuring Lil Baby & DaBaby
50,RITMO (Bad Boys For Life),Black Eyed Peas X J Balvin
51,Heart On Ice,Rod Wave
52,Nobody But You,Blake Shelton Duet With Gwen Stefani
53,Trampoline,SHAED
54,Come & Go,Juice WRLD x Marshmello
55,Truth Hurts,Lizzo
56,If The World Was Ending,JP Saxe Featuring Julia Michaels
57,We Paid,Lil Baby & 42 Dugg
58,Yummy,Justin Bieber
59,One Man Band,Old Dominion
60,Got What I Got,Jason Aldean
61,Sunday Best,Surfaces
62,Godzilla,Eminem Featuring Juice WRLD
63,Bandit,Juice WRLD & YoungBoy Never Broke Again
64,Party Girl,StaySolidRocky
65,Die From A Broken Heart,Maddie & Tae
66,Popstar,DJ Khaled Featuring Drake
67,All I Want For Christmas Is You,Mariah Carey
68,One Of Them Girls,Lee Brice
69,Hard To Forget,Sam Hunt
70,One Margarita,Luke Bryan
71,Panini,Lil Nas X
72,Hot,Young Thug Featuring Gunna
73,I Hope You're Happy Now,Carly Pearce & Lee Brice
74,Emotionally Scarred,Lil Baby
75,Suicidal,YNW Melly & Juice WRLD
76,The Bigger Picture,Lil Baby
77,Only Human,Jonas Brothers
78,The Woo,Pop Smoke Featuring 50 Cent & Roddy Ricch
79,Sum 2 Prove,Lil Baby
80,Stuck With U,Ariana Grande & Justin Bieber
81,Mood Swings,Pop Smoke Featuring Lil Tjay
82,You Should Be Sad,Halsey
83,Dior,Pop Smoke
84,Supalonely,BENEE Featuring Gus Dapperton
85,Even Though I'm Leaving,Luke Combs
86,The Scotts,"THE SCOTTS, Travis Scott & Kid Cudi"
87,Juicy,Doja Cat & Tyga
88,Be Like That,Kane Brown With Swae Lee & Khalid
89,Homesick,Kane Brown
90,Rags2Riches,Rod Wave Featuring ATR Son Son
91,Bluebird,Miranda Lambert
92,Wishing Well,Juice WRLD
93,Does To Me,Luke Combs Featuring Eric Church
94,P*$$y Fairy (OTW),Jhene Aiko
95,ily,Surf Mesa Featuring Emilee
96,More Than My Hometown,Morgan Wallen
97,Lovin' On You,Luke Combs
98,Said Sum,Moneybagg Yo
99,Slide,H.E.R. Featuring YG
100,Walk Em Down,NLE Choppa Featuring Roddy Ricch
1,Levitating,Dua Lipa
2,Save Your Tears,The Weeknd & Ariana Grande
3,Blinding Lights,The Weeknd
4,Mood,24kGoldn Featuring iann dior
5,Good 4 U,Olivia Rodrigo
6,Kiss Me More,Doja Cat Featuring SZA
7,Leave The Door Open,Silk Sonic (Bruno Mars & Anderson .Paak)
8,Drivers License,Olivia Rodrigo
9,Montero (Call Me By Your Name),Lil Nas X
10,Peaches,Justin Bieber Featuring Daniel Caesar & Giveon
11,Butter,BTS
12,Stay,The Kid LAROI & Justin Bieber
13,Deja Vu,Olivia Rodrigo
14,Positions,Ariana Grande
15,Bad Habits,Ed Sheeran
16,Heat Waves,Glass Animals
17,Without You,The Kid LAROI
18,Forever After All,Luke Combs
19,Go Crazy,Chris Brown & Young Thug
20,Astronaut In The Ocean,Masked Wolf
21,34+35,Ariana Grande Feat. Doja Cat & Megan Thee Stallion
22,What You Know Bout Love,Pop Smoke
23,My Ex's Best Friend,Machine Gun Kelly X blackbear
24,Industry Baby,Lil Nas X & Jack Harlow
25,Therefore I Am,Billie Eilish
26,Up,Cardi B
27,Fancy Like,Walker Hayes
28,Dakiti,Bad Bunny & Jhay Cortez
29,Best Friend,Saweetie Featuring Doja Cat
30,Rapstar,Polo G
31,Heartbreak Anniversary,Giveon
32,For The Night,Pop Smoke Featuring Lil Baby & DaBaby
33,Calling My Phone,Lil Tjay Featuring 6LACK
34,Beautiful Mistakes,Maroon 5 Featuring Megan Thee Stallion
35,Holy,Justin Bieber Featuring Chance The Rapper
36,On Me,Lil Baby
37,You Broke Me First.,Tate McRae
38,Traitor,Olivia Rodrigo
39,Back In Blood,Pooh Shiesty Featuring Lil Durk
40,I Hope,Gabby Barrett Featuring Charlie Puth
41,Dynamite,BTS
42,Wockesha,Moneybagg Yo
43,You Right,Doja Cat & The Weeknd
44,Beat Box,SpotemGottem Featuring Pooh Shiesty Or DaBaby
45,Laugh Now Cry Later,Drake Featuring Lil Durk
46,Need To Know,Doja Cat
47,Wants And Needs,Drake Featuring Lil Baby
48,Way 2 Sexy,Drake Featuring Future & Young Thug
49,Telepatia,Kali Uchis
50,Whoopty,CJ
51,Lemonade,Internet Money & Gunna Featuring Don Toliver & NAV
52,Good Days,SZA
53,Starting Over,Chris Stapleton
54,Body,Megan Thee Stallion
55,Willow,Taylor Swift
56,Bang!,AJR
57,Better Together,Luke Combs
58,You're Mines Still,Yung Bleu Featuring Drake
59,Every Chance I Get,DJ Khaled Featuring Lil Baby & Lil Durk
60,Essence,Wizkid Featuring Justin Bieber & Tems
61,Chasing After You,Ryan Hurd With Maren Morris
62,The Good Ones,Gabby Barrett
63,Leave Before You Love Me,Marshmello X Jonas Brothers
64,Glad You Exist,Dan + Shay
65,Lonely,Justin Bieber & benny blanco
66,Beggin',Maneskin
67,Streets,Doja Cat
68,What's Next,Drake
69,Famous Friends,Chris Young + Kane Brown
70,Lil Bit,Nelly & Florida Georgia Line
71,Thot Shit,Megan Thee Stallion
72,Late At Night,Roddy Ricch
73,Kings & Queens,Ava Max
74,Anyone,Justin Bieber
75,Track Star,Mooski
76,Time Today,Moneybagg Yo
77,Cry Baby,Megan Thee Stallion Featuring DaBaby
78,All I Want For Christmas Is You,Mariah Carey
79,No More Parties,Coi Leray Featuring Lil Durk
80,What's Your Country Song,Thomas Rhett
81,One Too Many,Keith Urban Duet With P!nk
82,Arcade,Duncan Laurence
83,Yonaguni,Bad Bunny
84,Good Time,Niko Moon
85,If I Didn't Love You,Jason Aldean & Carrie Underwood
86,Knife Talk,Drake Featuring 21 Savage & Project Pat
87,pov,Ariana Grande
88,Just The Way,Parmalee x Blanco Brown
89,Take My Breath,The Weeknd
90,We're Good,Dua Lipa
91,Hell Of A View,Eric Church
92,Rockin' Around The Christmas Tree,Brenda Lee
93,Put Your Records On,Ritt Momney
94,Happier Than Ever,Billie Eilish
95,Single Saturday Night,Cole Swindell
96,Things A Man Oughta Know,Lainey Wilson
97,Throat Baby (Go Baby),BRS Kash
98,Tombstone,Rod Wave
99,Drinkin' Beer. Talkin' God. Amen.,Chase Rice Featuring Florida Georgia Line
100,Todo de Ti,Rauw Alejandro
1,Heat Waves,Glass Animals
2,As It Was,Harry Styles
3,Stay,The Kid LAROI & Justin Bieber
4,Easy On Me,Adele
5,Shivers,Ed Sheeran
6,First Class,Jack Harlow
7,Big Energy,Latto
8,Ghost,Justin Bieber
9,Super Gremlin,Kodak Black
10,Cold Heart (PNAU Remix),Elton John & Dua Lipa
11,Wait For U,Future Featuring Drake & Tems
12,About Damn Time,Lizzo
13,Bad Habits,Ed Sheeran
14,Thats What I Want,Lil Nas X
15,Enemy,Imagine Dragons X JID
16,Industry Baby,Lil Nas X & Jack Harlow
17,abcdefu,GAYLE
18,Need To Know,Doja Cat
19,Wasted On You,Morgan Wallen
20,Me Porto Bonito,Bad Bunny & Chencho Corleone
21,Woman,Doja Cat
22,Titi Me Pregunto,Bad Bunny
23,Running Up That Hill (A Deal With God),Kate Bush
24,We Don't Talk About Bruno,"Carolina Gaitan, Mauro Castillo, Adassa, Rhenzy Feliz, Diane Guerrero, Stephanie Beatriz & Encanto Cast"
25,Late Night Talking,Harry Styles
26,I Like You (A Happier Song),Post Malone Featuring Doja Cat
27,You Proof,Morgan Wallen
28,Bad Habit,Steve Lacy
29,Sunroof,Nicky Youre & dazy
30,One Right Now,Post Malone & The Weeknd
31,Good 4 U,Olivia Rodrigo
32,Numb Little Bug,Em Beihold
33,Jimmy Cooks,Drake Featuring 21 Savage
34,'Til You Can't,Cody Johnson
35,Fancy Like,Walker Hayes
36,The Kind Of Love We Make,Luke Combs
37,I Ain't Worried,OneRepublic
38,Break My Soul,Beyonce
39,Something In The Orange,Zach Bryan
40,Save Your Tears,The Weeknd & Ariana Grande
41,Smokin Out The Window,Silk Sonic (Bruno Mars & Anderson .Paak)
42,Levitating,Dua Lipa
43,In A Minute,Lil Baby
44,Moscow Mule,Bad Bunny
45,You Right,Doja Cat & The Weeknd
46,She Had Me At Heads Carolina,Cole Swindell
47,Vegas,Doja Cat
48,Pushin P,Gunna & Future Featuring Young Thug
49,Buy Dirt,Jordan Davis Featuring Luke Bryan
50,I Hate U,SZA
51,Boyfriend,Dove Cameron
52,Glimpse Of Us,Joji
53,Surface Pressure,Jessica Darrow
54,Fall In Love,Bailey Zimmerman
55,Love Nwantiti (Ah Ah Ah),CKay
56,Super Freaky Girl,Nicki Minaj
57,Hrs And Hrs,Muni Long
58,Sand In My Boots,Morgan Wallen
59,MAMIII,Becky G X Karol G
60,Knife Talk,Drake Featuring 21 Savage & Project Pat
61,AA,Walker Hayes
62,Sweetest Pie,Megan Thee Stallion & Dua Lipa
63,Provenza,Karol G
64,Essence,Wizkid Featuring Justin Bieber & Tems
65,All I Want For Christmas Is You,Mariah Carey
66,Bam Bam,Camila Cabello Featuring Ed Sheeran
67,5 Foot 9,Tyler Hubbard
68,Get Into It (Yuh),Doja Cat
69,Efecto,Bad Bunny
70,Rock And A Hard Place,Bailey Zimmerman
71,Doin' This,Luke Combs
72,Oh My God,Adele
73,Better Days,NEIKED X Mae Muller X Polo G
74,Meet Me At Our Spot,THE ANXIETY: WILLOW & Tyler Cole
75,Fingers Crossed,Lauren Spencer Smith
76,All Too Well (Taylor's Version),Taylor Swift
77,Party,Bad Bunny & Rauw Alejandro
78,Despues de La Playa,Bad Bunny
79,You Should Probably Leave,Chris Stapleton
80,Rockin' Around The Christmas Tree,Brenda Lee
81,Broadway Girls,Lil Durk Featuring Morgan Wallen
82,Take My Name,Parmalee
83,What Happened To Virgil,Lil Durk Featuring Gunna
84,Puffin On Zootiez,Future
85,Like I Love Country Music,Kane Brown
86,Jingle Bell Rock,Bobby Helms
87,Ojitos Lindos,Bad Bunny & Bomba Estereo
88,Trouble With A Heartbreak,Jason Aldean
89,A Holly Jolly Christmas,Burl Ives
90,Kiss Me More,Doja Cat Featuring SZA
91,She Likes It,Russell Dickerson & Jake Scott
92,Never Say Never,Cole Swindell / Lainey Wilson
93,Damn Strait,Scotty McCreery
94,She's All I Wanna Be,Tate McRae
95,Last Night Lonely,Jon Pardi
96,Flower Shops,ERNEST Featuring Morgan Wallen
97,To The Moon!,JNR CHOI & Sam Tompkins
98,Unholy,Sam Smith & Kim Petras
99,One Mississippi,Kane Brown
100,Circles Around This Town,Maren Morris
1,Last Night,Morgan Wallen
2,Flowers,Miley Cyrus
3,Kill Bill,SZA
4,Anti-Hero,Taylor Swift
5,Creepin',"Metro Boomin, The Weeknd & 21 Savage"
6,Calm Down,Rema & Selena Gomez
7,Die For You,The Weeknd & Ariana Grande
8,Fast Car,Luke Combs
9,Snooze,SZA
10,I'm Good (Blue),David Guetta & Bebe Rexha
11,Unholy,Sam Smith & Kim Petras
12,You Proof,Morgan Wallen
13,Something In The Orange,Zach Bryan
14,Rich Flex,Drake & 21 Savage
15,As It Was,Harry Styles
16,Rock And A Hard Place,Bailey Zimmerman
17,Under The Influence,Chris Brown
18,Cruel Summer,Taylor Swift
19,Thinkin' Bout Me,Morgan Wallen
20,"Boy's A Liar, Pt. 2",PinkPantheress & Ice Spice
21,Favorite Song,Toosii
22,Thought You Should Know,Morgan Wallen
23,Thank God,Kane Brown With Katelyn Brown
24,Sure Thing,Miguel
25,All My Life,Lil Durk Featuring J. Cole
26,Ella Baila Sola,Eslabon Armado X Peso Pluma
27,Karma,Taylor Swift Featuring Ice Spice
28,Just Wanna Rock,Lil Uzi Vert
29,Cuff It,Beyonce
30,Vampire,Olivia Rodrigo
31,Fukumean,Gunna
32,Lavender Haze,Taylor Swift
33,Players,Coi Leray
34,Need A Favor,Jelly Roll
35,Dance The Night,Dua Lipa
36,Love You Anyway,Luke Combs
37,One Thing At A Time,Morgan Wallen
38,Superhero (Heroes & Villains),"Metro Boomin, Future & Chris Brown"
39,Bad Habit,Steve Lacy
40,La Bebe,Yng Lvcas x Peso Pluma
41,Golden Hour,JVKE
42,Religiously,Bailey Zimmerman
43,Spin Bout U,Drake & 21 Savage
44,Cupid,Fifty Fifty
45,Search & Rescue,Drake
46,Barbie World,Nicki Minaj & Ice Spice With Aqua
47,Next Thing You Know,Jordan Davis
48,Escapism,RAYE Featuring 070 Shake
49,Un x100to,Grupo Frontera X Bad Bunny
50,Until I Found You,Stephen Sanchez
51,Shirt,SZA
52,Paint The Town Red,Doja Cat
53,Made You Look,Meghan Trainor
54,Wait In The Truck,HARDY Featuring Lainey Wilson
55,All I Want For Christmas Is You,Mariah Carey
56,Everything I Love,Morgan Wallen
57,Chemical,Post Malone
58,Heart Like A Truck,Lainey Wilson
59,"Going, Going, Gone",Luke Combs
60,Rockin' Around The Christmas Tree,Brenda Lee
61,Dancin' In The Country,Tyler Hubbard
62,Daylight,David Kushner
63,Lift Me Up,Rihanna
64,Eyes Closed,Ed Sheeran
65,TQG,Karol G x Shakira
66,Try That In A Small Town,Jason Aldean
67,Tennessee Orange,Megan Moroney
68,Jingle Bell Rock,Bobby Helms
69,Princess Diana,Ice Spice & Nicki Minaj
70,Tomorrow 2,GloRilla & Cardi B
71,A Holly Jolly Christmas,Burl Ives
72,Where She Goes,Bad Bunny
73,Bebe Dame,Fuerza Regida X Grupo Frontera
74,I Remember Everything,Zach Bryan Featuring Kacey Musgraves
75,I Like You (A Happier Song),Post Malone Featuring Doja Cat
76,What It Is (Block Boy),Doechii Featuring Kodak Black
77,Nobody Gets Me,SZA
78,Rich Men North Of Richmond,Oliver Anthony Music
79,Super Freaky Girl,Nicki Minaj
80,Dial Drunk,Noah Kahan With Post Malone
81,What Was I Made For?,Billie Eilish
82,Seven,Jung Kook Featuring Latto
83,Wait For U,Future Featuring Drake & Tems
84,Last Christmas,Wham!
85,Handle On You,Parker McCollum
86,Por Las Noches,Peso Pluma
87,Memory Lane,Old Dominion
88,Area Codes,Kaliii
89,Bury Me In Georgia,Kane Brown
90,PRC,Peso Pluma X Natanael Cano
91,What My World Spins Around,Jordan Davis
92,Ain't That Some,Morgan Wallen
93,Wild As Her,Corey Kent
94,Peaches & Eggplants,Young Nudy Featuring 21 Savage
95,I Wrote The Book,Morgan Wallen
96,"Bzrp Music Sessions, Vol. 53",Bizarrap & Shakira
97,Meltdown,Travis Scott Featuring Drake
98,Put It On Da Floor Again,Latto Featuring Cardi B
99,Bloody Mary,Lady Gaga
100,Watermelon Moonshine,Lainey Wilson
